"P_ID","FIRST","MIDDLE","LAST","CITY","STREET","P_PHONENUM","P_APPOINTMENT","P_REGISTERATION","P_PAYMENT","P_EMAIL","P_BIRTHDATE","R_ID","RECURSIVEP_ID"
"7","Moaz","Seliman","Mahfouz","New Cairo","90 street","01154879635","30-MAY-21","12-APR-21","100","moaz89@hotmail.com","28-JUL-99","4",""
"8","Fares","Ayman","Motaz","Aswan","Abas al-Aqqad","01254893585","08-JUN-21","20-APR-21","120","faresayman8@gmail.com","22-NOV-96","1",""
"6","Aya","Abdelaziz","Mostafa","Alexandria","Miami","01047856985","26-MAY-21","27-JAN-21","140","aya987@gmail.com","08-JUN-93","3",""
"9","Yara","Adel","Youssef","Alexandria","Sidi Gaber","01238549675","01-JUN-21","29-MAR-21","100","yaraadel78@gmail.com","17-MAY-94","1","6"
"10","Mazen","Ahmed","Ali","Giza","Haram st.","01565489654","31-MAY-21","17-MAR-21","100","mazenahmed@gmail.com","27-OCT-87","4",""
"2","Zeyad","Ashraf","Ali","Aswan","el seel","01054896489","19-MAY-21","20-FEB-21","150","eyadashraf@hotmail.com","10-JUN-93","1",""
"1","Ghada","Ahmed","Ragab","Aswan","Kornish st.","01568754956","04-MAY-21","24-FEB-21","120","ghadaahmed@gmail.com","24-FEB-89","1","2"
"3","Lilla","Marwan","Ahmed","Cairo","5th settlement","01154236587","28-MAY-21","17-JAN-21","120","lillamarwan@gmail.com","06-JUL-90","3",""
"4","Fayez","Alaa","Habib","Luxor","Ramsis st.","01048537941","26-MAY-21","23-FEB-21","100","fayezalaa@hotmail.com","17-FEB-74","4",""
"5","Fady","Ezz","Montasr","Luxor","Cleopatra st.","01578648354","03-MAY-21","06-APR-21","140","fadyezz@yahoo.com","21-JUL-81","1","4"
